EmployeeID,FirstName,LastName,Revenue,GrossProfit,Orders,GrossMargin
1,Nancy,Davolio,192107.6045,84248.7095,123,0.43854958120619325
2,Andrew,Fuller,166537.755,73840.195,96,0.4433841143108961
3,Janet,Leverling,202812.843,90010.10800000001,127,0.44380871876047817
4,Margaret,Peacock,232890.846,95335.856,156,0.4093585370032105
5,Steven,Buchanan,68792.2825,27919.3575,42,0.40585014023920485
6,Michael,Suyama,73913.1295,32076.4045,67,0.4339743793421709
7,Robert,King,124568.235,48767.14,72,0.39148937126708105
8,Laura,Callahan,126862.2775,54886.847499999996,104,0.43264907884063486
9,Anne,Dodsworth,77308.0665,34024.7665,43,0.44011922740300324
